mainshock_name,mainshock_time,mainshock_magnitude,aftershock_time,aftershock_magnitude,aftershock_place,aftershock_latitude,aftershock_longitude
"Hinatuan, Surigao Del Sur",2023-12-02 22:37:05,7.4,2023-12-02 22:41:20.321,4.7,"16 km NE of Barcelona, Philippines",8.2765,126.5273
"Hinatuan, Surigao Del Sur",2023-12-02 22:37:05,7.4,2023-12-02 22:43:39.695,4.5,"24 km E of Hinatuan, Philippines",8.3799,126.5588
"Hinatuan, Surigao Del Sur",2023-12-02 22:37:05,7.4,2023-12-02 22:45:19.891,4.9,"55 km ENE of Hinatuan, Philippines",8.533,126.8083
"Hinatuan, Surigao Del Sur",2023-12-02 22:37:05,7.4,2023-12-02 22:46:17.669,4.7,"27 km NE of Barcelona, Philippines",8.3473,126.6005
"Hinatuan, Surigao Del Sur",2023-12-02 22:37:05,7.4,2023-12-02 22:48:45.552,4.4,"45 km ENE of Hinatuan, Philippines",8.4622,126.7379
"Hinatuan, Surigao Del Sur",2023-12-02 22:37:05,7.4,2023-12-02 23:04:56.398,4.1,"28 km NE of Barcelona, Philippines",8.3262,126.6324
"Hinatuan, Surigao Del Sur",2023-12-02 22:37:05,7.4,2023-12-02 23:19:52.603,4.6,"34 km ENE of Barcelona, Philippines",8.2707,126.725
"Hinatuan, Surigao Del Sur",2023-12-02 22:37:05,7.4,2023-12-02 23:24:25.021,4.5,"50 km NE of Barcelona, Philippines",8.4343,126.803
"Hinatuan, Surigao Del Sur",2023-12-02 22:37:05,7.4,2023-12-02 23:45:20.880,4.8,"39 km ENE of Hinatuan, Philippines",8.5725,126.6356
"Hinatuan, Surigao Del Sur",2023-12-02 22:37:05,7.4,2023-12-02 23:50:11.895,4.0,"6 km E of Hinatuan, Philippines",8.3745,126.3916
"Hinatuan, Surigao Del Sur",2023-12-02 22:37:05,7.4,2023-12-02 23:52:03.502,4.1,"65 km E of Marihatag, Philippines",8.6935,126.8778
"Hinatuan, Surigao Del Sur",2023-12-02 22:37:05,7.4,2023-12-02 23:54:00.445,4.1,"51 km NE of Barcelona, Philippines",8.4178,126.8213
"Hinatuan, Surigao Del Sur",2023-12-02 22:37:05,7.4,2023-12-02 23:55:09.013,4.3,"39 km ENE of Hinatuan, Philippines",8.448,126.6827
"Hinatuan, Surigao Del Sur",2023-12-02 22:37:05,7.4,2023-12-03 00:11:48.672,4.5,"31 km ENE of Barcelona, Philippines",8.2471,126.7031
"Hinatuan, Surigao Del Sur",2023-12-02 22:37:05,7.4,2023-12-03 00:24:31.136,4.4,"42 km NE of Barcelona, Philippines",8.4057,126.7293
"Hinatuan, Surigao Del Sur",2023-12-02 22:37:05,7.4,2023-12-03 00:43:03.666,4.2,"60 km ENE of Hinatuan, Philippines",8.6212,126.824
"Hinatuan, Surigao Del Sur",2023-12-02 22:37:05,7.4,2023-12-03 00:44:01.199,4.2,"46 km ENE of Hinatuan, Philippines",8.5017,126.7354
"Hinatuan, Surigao Del Sur",2023-12-02 22:37:05,7.4,2023-12-03 00:46:19.733,4.6,"45 km ESE of Marihatag, Philippines",8.6753,126.6844
"Hinatuan, Surigao Del Sur",2023-12-02 22:37:05,7.4,2023-12-03 00:48:25.369,4.9,"19 km E of Hinatuan, Philippines",8.399,126.5081
"Hinatuan, Surigao Del Sur",2023-12-02 22:37:05,7.4,2023-12-03 01:03:28.202,4.5,"48 km ENE of Hinatuan, Philippines",8.4877,126.7633
"Hinatuan, Surigao Del Sur",2023-12-02 22:37:05,7.4,2023-12-03 01:16:06.794,4.7,"62 km ENE of Barcelona, Philippines",8.4368,126.9279
"Hinatuan, Surigao Del Sur",2023-12-02 22:37:05,7.4,2023-12-03 01:43:30.421,4.5,"22 km ENE of Tidman, Philippines",8.3396,126.5379
"Hinatuan, Surigao Del Sur",2023-12-02 22:37:05,7.4,2023-12-03 02:02:00.455,4.4,"34 km E of Hinatuan, Philippines",8.402,126.646
"Hinatuan, Surigao Del Sur",2023-12-02 22:37:05,7.4,2023-12-03 02:02:37.910,5.3,"60 km ENE of Hinatuan, Philippines",8.5953,126.8367
"Hinatuan, Surigao Del Sur",2023-12-02 22:37:05,7.4,2023-12-03 02:21:20.379,4.5,"42 km ENE of Hinatuan, Philippines",8.4553,126.7141
"Hinatuan, Surigao Del Sur",2023-12-02 22:37:05,7.4,2023-12-03 02:31:59.854,4.7,"33 km ENE of Hinatuan, Philippines",8.4889,126.6183
"Hinatuan, Surigao Del Sur",2023-12-02 22:37:05,7.4,2023-12-03 02:35:27.735,4.4,"15 km E of Gamut, Philippines",8.5163,126.3824
"Hinatuan, Surigao Del Sur",2023-12-02 22:37:05,7.4,2023-12-03 02:36:42.587,4.6,"58 km ENE of Barcelona, Philippines",8.35,126.9319
"Hinatuan, Surigao Del Sur",2023-12-02 22:37:05,7.4,2023-12-03 02:42:55.650,4.5,"21 km ENE of Tidman, Philippines",8.3433,126.5249
"Hinatuan, Surigao Del Sur",2023-12-02 22:37:05,7.4,2023-12-03 02:47:51.875,4.4,"33 km E of Hinatuan, Philippines",8.4195,126.6322
"Hinatuan, Surigao Del Sur",2023-12-02 22:37:05,7.4,2023-12-03 02:53:24.069,4.5,"21 km E of Santa Maria, Philippines",8.024,126.6335
"Hinatuan, Surigao Del Sur",2023-12-02 22:37:05,7.4,2023-12-03 02:58:17.209,4.5,"43 km ESE of Marihatag, Philippines",8.6384,126.6521
"Hinatuan, Surigao Del Sur",2023-12-02 22:37:05,7.4,2023-12-03 03:02:13.180,4.5,"18 km E of Loyola, Philippines",8.3502,126.4984
"Hinatuan, Surigao Del Sur",2023-12-02 22:37:05,7.4,2023-12-03 03:18:00.286,4.4,"3 km NNE of Bigaan, Philippines",8.3428,126.2974
"Hinatuan, Surigao Del Sur",2023-12-02 22:37:05,7.4,2023-12-03 03:23:58.506,4.4,"6 km SE of Salvacion, Philippines",8.6725,126.2482
"Hinatuan, Surigao Del Sur",2023-12-02 22:37:05,7.4,2023-12-03 03:24:54.138,4.9,"39 km NE of Hinatuan, Philippines",8.5791,126.625
"Hinatuan, Surigao Del Sur",2023-12-02 22:37:05,7.4,2023-12-03 03:28:17.758,5.1,"36 km ENE of Santa Maria, Philippines",8.0774,126.7675
"Hinatuan, Surigao Del Sur",2023-12-02 22:37:05,7.4,2023-12-03 03:36:24.591,5.2,"45 km ENE of Barcelona, Philippines",8.352,126.8035
"Hinatuan, Surigao Del Sur",2023-12-02 22:37:05,7.4,2023-12-03 03:40:12.759,4.7,"27 km ENE of Santa Maria, Philippines",8.0613,126.6821
"Hinatuan, Surigao Del Sur",2023-12-02 22:37:05,7.4,2023-12-03 03:41:59.249,4.6,"52 km ENE of Barcelona, Philippines",8.3995,126.8415
"Hinatuan, Surigao Del Sur",2023-12-02 22:37:05,7.4,2023-12-03 03:42:50.690,4.5,"21 km ENE of Santa Maria, Philippines",8.0378,126.6351
"Hinatuan, Surigao Del Sur",2023-12-02 22:37:05,7.4,2023-12-03 03:43:39.077,4.5,"11 km ESE of Barcelona, Philippines",8.1042,126.5185
"Hinatuan, Surigao Del Sur",2023-12-02 22:37:05,7.4,2023-12-03 03:55:41.926,4.9,"58 km ENE of Barcelona, Philippines",8.3697,126.9227
"Hinatuan, Surigao Del Sur",2023-12-02 22:37:05,7.4,2023-12-03 04:20:59.388,4.3,"54 km ENE of Barcelona, Philippines",8.3512,126.8881
"Hinatuan, Surigao Del Sur",2023-12-02 22:37:05,7.4,2023-12-03 04:24:17.316,4.6,"16 km SE of Marihatag, Philippines",8.6946,126.4013
"Hinatuan, Surigao Del Sur",2023-12-02 22:37:05,7.4,2023-12-03 04:34:15.990,4.4,"30 km ENE of Hinatuan, Philippines",8.4518,126.5958
"Hinatuan, Surigao Del Sur",2023-12-02 22:37:05,7.4,2023-12-03 04:35:37.470,4.4,"49 km NE of Barcelona, Philippines",8.4304,126.7859
"Hinatuan, Surigao Del Sur",2023-12-02 22:37:05,7.4,2023-12-03 04:40:35.222,4.7,"50 km ENE of Barcelona, Philippines",8.2518,126.8803
"Hinatuan, Surigao Del Sur",2023-12-02 22:37:05,7.4,2023-12-03 04:41:51.720,5.2,"40 km ENE of Barcelona, Philippines",8.3166,126.7681
"Hinatuan, Surigao Del Sur",2023-12-02 22:37:05,7.4,2023-12-03 04:54:28.773,4.5,"17 km NE of Barcelona, Philippines",8.2886,126.5324
"Hinatuan, Surigao Del Sur",2023-12-02 22:37:05,7.4,2023-12-03 04:59:15.550,5.1,"20 km SE of Marihatag, Philippines",8.6742,126.4283
"Hinatuan, Surigao Del Sur",2023-12-02 22:37:05,7.4,2023-12-03 05:27:55.800,4.9,"70 km ENE of Hinatuan, Philippines",8.6231,126.9188
"Hinatuan, Surigao Del Sur",2023-12-02 22:37:05,7.4,2023-12-03 05:38:11.750,4.7,"50 km ENE of Hinatuan, Philippines",8.5032,126.7688
"Hinatuan, Surigao Del Sur",2023-12-02 22:37:05,7.4,2023-12-03 05:43:43.134,5.4,"44 km ESE of Marihatag, Philippines",8.6422,126.6671
"Hinatuan, Surigao Del Sur",2023-12-02 22:37:05,7.4,2023-12-03 05:47:53.126,4.8,"62 km ENE of Hinatuan, Philippines",8.5965,126.8521
"Hinatuan, Surigao Del Sur",2023-12-02 22:37:05,7.4,2023-12-03 05:50:23.806,4.9,"23 km E of Barcelona, Philippines",8.1804,126.646
"Hinatuan, Surigao Del Sur",2023-12-02 22:37:05,7.4,2023-12-03 05:57:24.266,4.5,"16 km E of Barcelona, Philippines",8.1323,126.5855
"Hinatuan, Surigao Del Sur",2023-12-02 22:37:05,7.4,2023-12-03 06:03:39.228,4.3,"41 km ENE of Hinatuan, Philippines",8.4466,126.7081
"Hinatuan, Surigao Del Sur",2023-12-02 22:37:05,7.4,2023-12-03 06:10:51.067,4.5,"25 km E of Barcelona, Philippines",8.1929,126.6606
"Hinatuan, Surigao Del Sur",2023-12-02 22:37:05,7.4,2023-12-03 06:18:22.337,4.7,"31 km E of Hinatuan, Philippines",8.4159,126.6195
"Hinatuan, Surigao Del Sur",2023-12-02 22:37:05,7.4,2023-12-03 06:26:55.990,4.2,"12 km NNE of Barcelona, Philippines",8.2604,126.4771
"Hinatuan, Surigao Del Sur",2023-12-02 22:37:05,7.4,2023-12-03 06:37:14.051,4.5,"49 km ENE of Hinatuan, Philippines",8.5113,126.7591
"Hinatuan, Surigao Del Sur",2023-12-02 22:37:05,7.4,2023-12-03 06:44:43.205,4.5,"47 km ENE of Hinatuan, Philippines",8.474,126.749
"Hinatuan, Surigao Del Sur",2023-12-02 22:37:05,7.4,2023-12-03 06:47:15.234,4.0,"8 km E of Tidman, Philippines",8.306,126.4138
"Hinatuan, Surigao Del Sur",2023-12-02 22:37:05,7.4,2023-12-03 06:55:38.828,4.5,"39 km ENE of Barcelona, Philippines",8.2875,126.7717
"Hinatuan, Surigao Del Sur",2023-12-02 22:37:05,7.4,2023-12-03 07:01:06.797,4.3,"27 km E of Hinatuan, Philippines",8.3926,126.5843
"Hinatuan, Surigao Del Sur",2023-12-02 22:37:05,7.4,2023-12-03 07:04:10.610,4.3,"74 km ENE of Barcelona, Philippines",8.4699,127.0292
"Hinatuan, Surigao Del Sur",2023-12-02 22:37:05,7.4,2023-12-03 07:04:47.178,4.6,"37 km ESE of Marihatag, Philippines",8.6661,126.606
"Hinatuan, Surigao Del Sur",2023-12-02 22:37:05,7.4,2023-12-03 07:11:00.066,4.8,"63 km E of Marihatag, Philippines",8.7346,126.8671
"Hinatuan, Surigao Del Sur",2023-12-02 22:37:05,7.4,2023-12-03 07:44:23.246,4.7,"35 km NE of Barcelona, Philippines",8.3833,126.6702
"Hinatuan, Surigao Del Sur",2023-12-02 22:37:05,7.4,2023-12-03 07:54:05.453,4.2,"35 km ENE of Hinatuan, Philippines",8.4532,126.6445
"Hinatuan, Surigao Del Sur",2023-12-02 22:37:05,7.4,2023-12-03 07:54:52.450,4.9,"66 km ENE of Barcelona, Philippines",8.4707,126.9542
"Hinatuan, Surigao Del Sur",2023-12-02 22:37:05,7.4,2023-12-03 08:10:55.349,4.4,"33 km NE of Barcelona, Philippines",8.3276,126.6845
"Hinatuan, Surigao Del Sur",2023-12-02 22:37:05,7.4,2023-12-03 08:12:53.539,4.4,"26 km NE of Barcelona, Philippines",8.3249,126.6118
"Hinatuan, Surigao Del Sur",2023-12-02 22:37:05,7.4,2023-12-03 08:13:39.243,4.6,"60 km ESE of Marihatag, Philippines",8.6847,126.8286
"Hinatuan, Surigao Del Sur",2023-12-02 22:37:05,7.4,2023-12-03 08:18:20.171,4.4,"44 km ENE of Hinatuan, Philippines",8.5029,126.7193
"Hinatuan, Surigao Del Sur",2023-12-02 22:37:05,7.4,2023-12-03 08:31:21.035,4.5,"23 km E of Barcelona, Philippines",8.1579,126.6471
"Hinatuan, Surigao Del Sur",2023-12-02 22:37:05,7.4,2023-12-03 08:36:26.527,4.7,"28 km ENE of Santa Maria, Philippines",8.0872,126.6896
"Hinatuan, Surigao Del Sur",2023-12-02 22:37:05,7.4,2023-12-03 08:41:38.851,4.5,"43 km NE of Barcelona, Philippines",8.3924,126.7505
"Hinatuan, Surigao Del Sur",2023-12-02 22:37:05,7.4,2023-12-03 08:41:55.724,4.9,"37 km NE of Barcelona, Philippines",8.3892,126.6878
"Hinatuan, Surigao Del Sur",2023-12-02 22:37:05,7.4,2023-12-03 08:57:59.561,4.5,"50 km ENE of Barcelona, Philippines",8.2729,126.881
"Hinatuan, Surigao Del Sur",2023-12-02 22:37:05,7.4,2023-12-03 09:02:37.618,4.1,"26 km ENE of Barcelona, Philippines",8.2651,126.6534
"Hinatuan, Surigao Del Sur",2023-12-02 22:37:05,7.4,2023-12-03 09:03:39.627,5.1,"52 km ENE of Barcelona, Philippines",8.403,126.8476
"Hinatuan, Surigao Del Sur",2023-12-02 22:37:05,7.4,2023-12-03 09:05:52.958,4.4,"37 km E of Barcelona, Philippines",8.2105,126.7674
"Hinatuan, Surigao Del Sur",2023-12-02 22:37:05,7.4,2023-12-03 09:07:47.274,4.2,"40 km ENE of Hinatuan, Philippines",8.5262,126.6632
"Hinatuan, Surigao Del Sur",2023-12-02 22:37:05,7.4,2023-12-03 09:12:09.191,4.5,"59 km ENE of Barcelona, Philippines",8.4466,126.8908
"Hinatuan, Surigao Del Sur",2023-12-02 22:37:05,7.4,2023-12-03 09:19:58.330,4.6,"38 km NE of Barcelona, Philippines",8.3731,126.7146
"Hinatuan, Surigao Del Sur",2023-12-02 22:37:05,7.4,2023-12-03 09:22:45.332,4.2,"6 km N of Hinatuan, Philippines",8.4343,126.3347
"Hinatuan, Surigao Del Sur",2023-12-02 22:37:05,7.4,2023-12-03 09:37:14.442,4.7,"52 km ENE of Barcelona, Philippines",8.4004,126.8489
"Hinatuan, Surigao Del Sur",2023-12-02 22:37:05,7.4,2023-12-03 09:42:31.932,4.4,"70 km NE of Barcelona, Philippines",8.5172,126.9678
"Hinatuan, Surigao Del Sur",2023-12-02 22:37:05,7.4,2023-12-03 09:45:36.849,5.0,"48 km ESE of Marihatag, Philippines",8.7017,126.7225
"Hinatuan, Surigao Del Sur",2023-12-02 22:37:05,7.4,2023-12-03 09:48:47.433,4.9,"55 km ENE of Hinatuan, Philippines",8.5007,126.8224
"Hinatuan, Surigao Del Sur",2023-12-02 22:37:05,7.4,2023-12-03 09:55:44.966,4.6,"48 km ENE of Hinatuan, Philippines",8.5072,126.7495
"Hinatuan, Surigao Del Sur",2023-12-02 22:37:05,7.4,2023-12-03 10:00:04.901,4.6,"49 km ENE of Hinatuan, Philippines",8.4948,126.7657
"Hinatuan, Surigao Del Sur",2023-12-02 22:37:05,7.4,2023-12-03 10:10:43.006,4.2,"36 km NE of Barcelona, Philippines",8.3563,126.7052
"Hinatuan, Surigao Del Sur",2023-12-02 22:37:05,7.4,2023-12-03 10:17:26.640,4.8,"53 km ENE of Hinatuan, Philippines",8.4718,126.8103
"Hinatuan, Surigao Del Sur",2023-12-02 22:37:05,7.4,2023-12-03 10:22:06.926,4.6,"46 km ENE of Hinatuan, Philippines",8.4956,126.7356
"Hinatuan, Surigao Del Sur",2023-12-02 22:37:05,7.4,2023-12-03 10:27:56.714,4.4,"13 km ESE of Gamut, Philippines",8.5029,126.3646
"Hinatuan, Surigao Del Sur",2023-12-02 22:37:05,7.4,2023-12-03 10:35:52.871,6.6,"47 km ENE of Hinatuan, Philippines",8.488,126.7454
"Hinatuan, Surigao Del Sur",2023-12-02 22:37:05,7.4,2023-12-03 10:39:23.796,5.7,"37 km ENE of Hinatuan, Philippines",8.5597,126.6174
"Hinatuan, Surigao Del Sur",2023-12-02 22:37:05,7.4,2023-12-03 10:45:47.907,4.5,"8 km SSW of Salvacion, Philippines",8.6436,126.1848
"Hinatuan, Surigao Del Sur",2023-12-02 22:37:05,7.4,2023-12-03 10:46:45.558,4.8,"27 km ENE of Hinatuan, Philippines",8.5099,126.5423
"Hinatuan, Surigao Del Sur",2023-12-02 22:37:05,7.4,2023-12-03 10:49:40.141,4.6,"54 km ENE of Hinatuan, Philippines",8.5477,126.8014
"Hinatuan, Surigao Del Sur",2023-12-02 22:37:05,7.4,2023-12-03 10:51:42.198,4.4,"23 km E of Hinatuan, Philippines",8.3758,126.5445
"Hinatuan, Surigao Del Sur",2023-12-02 22:37:05,7.4,2023-12-03 10:54:55.054,5.6,"61 km ENE of Hinatuan, Philippines",8.5622,126.862
"Hinatuan, Surigao Del Sur",2023-12-02 22:37:05,7.4,2023-12-03 11:00:29.105,5.0,"31 km ESE of Marihatag, Philippines",8.6963,126.5575
"Hinatuan, Surigao Del Sur",2023-12-02 22:37:05,7.4,2023-12-03 11:01:22.580,4.6,"14 km ESE of Salvacion, Philippines",8.6452,126.3184
"Hinatuan, Surigao Del Sur",2023-12-02 22:37:05,7.4,2023-12-03 11:03:08.996,4.5,"52 km ENE of Hinatuan, Philippines",8.5882,126.7552
"Hinatuan, Surigao Del Sur",2023-12-02 22:37:05,7.4,2023-12-03 11:04:55.848,4.5,"25 km E of Marihatag, Philippines",8.7891,126.5242
"Hinatuan, Surigao Del Sur",2023-12-02 22:37:05,7.4,2023-12-03 11:07:52.319,4.6,"64 km ENE of Hinatuan, Philippines",8.5748,126.8872
"Hinatuan, Surigao Del Sur",2023-12-02 22:37:05,7.4,2023-12-03 11:08:54.709,4.2,"38 km ESE of Marihatag, Philippines",8.6676,126.6196
"Hinatuan, Surigao Del Sur",2023-12-02 22:37:05,7.4,2023-12-03 11:09:16.935,4.4,"67 km ENE of Hinatuan, Philippines",8.552,126.9245
"Hinatuan, Surigao Del Sur",2023-12-02 22:37:05,7.4,2023-12-03 11:11:27.068,4.3,"38 km ENE of Hinatuan, Philippines",8.5376,126.6422
"Hinatuan, Surigao Del Sur",2023-12-02 22:37:05,7.4,2023-12-03 11:19:42.414,4.4,"28 km E of Marihatag, Philippines",8.7652,126.5561
"Hinatuan, Surigao Del Sur",2023-12-02 22:37:05,7.4,2023-12-03 11:20:45.102,4.4,"51 km ENE of Hinatuan, Philippines",8.5588,126.7579
"Hinatuan, Surigao Del Sur",2023-12-02 22:37:05,7.4,2023-12-03 11:23:42.342,4.3,"42 km ESE of Marihatag, Philippines",8.6244,126.6394
"Hinatuan, Surigao Del Sur",2023-12-02 22:37:05,7.4,2023-12-03 11:31:09.120,4.9,"69 km ENE of Hinatuan, Philippines",8.5428,126.9388
"Hinatuan, Surigao Del Sur",2023-12-02 22:37:05,7.4,2023-12-03 11:40:47.810,4.5,"51 km NE of Barcelona, Philippines",8.4474,126.8046
"Hinatuan, Surigao Del Sur",2023-12-02 22:37:05,7.4,2023-12-03 11:53:44.757,4.7,"42 km NE of Barcelona, Philippines",8.3849,126.7457
"Hinatuan, Surigao Del Sur",2023-12-02 22:37:05,7.4,2023-12-03 11:56:38.222,4.2,"31 km ENE of Hinatuan, Philippines",8.4828,126.5946
"Hinatuan, Surigao Del Sur",2023-12-02 22:37:05,7.4,2023-12-03 11:57:59.989,4.3,"56 km ENE of Hinatuan, Philippines",8.5352,126.8199
"Hinatuan, Surigao Del Sur",2023-12-02 22:37:05,7.4,2023-12-03 12:13:46.996,4.6,"56 km ENE of Hinatuan, Philippines",8.5042,126.8304
"Hinatuan, Surigao Del Sur",2023-12-02 22:37:05,7.4,2023-12-03 12:28:35.198,4.8,"63 km ENE of Barcelona, Philippines",8.4558,126.932
"Hinatuan, Surigao Del Sur",2023-12-02 22:37:05,7.4,2023-12-03 12:29:32.384,4.4,"51 km NE of Barcelona, Philippines",8.4205,126.8239
"Hinatuan, Surigao Del Sur",2023-12-02 22:37:05,7.4,2023-12-03 12:37:11.161,4.3,"77 km ENE of Hinatuan, Philippines",8.6449,126.9844
"Hinatuan, Surigao Del Sur",2023-12-02 22:37:05,7.4,2023-12-03 12:39:06.935,4.3,"41 km NE of Barcelona, Philippines",8.3741,126.7408
"Hinatuan, Surigao Del Sur",2023-12-02 22:37:05,7.4,2023-12-03 12:44:48.871,5.2,"52 km ENE of Hinatuan, Philippines",8.4676,126.805
"Hinatuan, Surigao Del Sur",2023-12-02 22:37:05,7.4,2023-12-03 12:47:26.181,4.2,"54 km ENE of Hinatuan, Philippines",8.5487,126.7992
"Hinatuan, Surigao Del Sur",2023-12-02 22:37:05,7.4,2023-12-03 12:55:10.484,4.1,"71 km ENE of Hinatuan, Philippines",8.5387,126.9635
"Hinatuan, Surigao Del Sur",2023-12-02 22:37:05,7.4,2023-12-03 12:58:18.124,4.3,"38 km E of Santa Maria, Philippines",8.0486,126.7876
"Hinatuan, Surigao Del Sur",2023-12-02 22:37:05,7.4,2023-12-03 13:17:07.317,4.3,"6 km ENE of Loyola, Philippines",8.3477,126.3917
"Hinatuan, Surigao Del Sur",2023-12-02 22:37:05,7.4,2023-12-03 13:22:52.126,4.7,"36 km ENE of Hinatuan, Philippines",8.4783,126.645
"Hinatuan, Surigao Del Sur",2023-12-02 22:37:05,7.4,2023-12-03 13:36:38.660,4.4,"46 km ENE of Hinatuan, Philippines",8.5165,126.729
"Hinatuan, Surigao Del Sur",2023-12-02 22:37:05,7.4,2023-12-03 14:02:19.715,4.5,"9 km E of Barcelona, Philippines",8.1651,126.5208
"Hinatuan, Surigao Del Sur",2023-12-02 22:37:05,7.4,2023-12-03 14:18:54.809,4.5,"7 km N of Hinatuan, Philippines",8.4366,126.3292
"Hinatuan, Surigao Del Sur",2023-12-02 22:37:05,7.4,2023-12-03 14:35:56.830,6.0,"58 km E of Marihatag, Philippines",8.732,126.823
"Hinatuan, Surigao Del Sur",2023-12-02 22:37:05,7.4,2023-12-03 14:38:35.616,5.1,"55 km ESE of Marihatag, Philippines",8.6927,126.7887
"Hinatuan, Surigao Del Sur",2023-12-02 22:37:05,7.4,2023-12-03 14:54:09.941,5.1,"31 km ENE of Barcelona, Philippines",8.2957,126.689
"Hinatuan, Surigao Del Sur",2023-12-02 22:37:05,7.4,2023-12-03 15:19:20.571,4.3,"20 km NE of Barcelona, Philippines",8.2875,126.5697
"Hinatuan, Surigao Del Sur",2023-12-02 22:37:05,7.4,2023-12-03 15:26:32.519,4.7,"47 km ENE of Hinatuan, Philippines",8.5647,126.7204
"Hinatuan, Surigao Del Sur",2023-12-02 22:37:05,7.4,2023-12-03 15:39:37.467,4.8,"47 km E of Marihatag, Philippines",8.7281,126.7169
"Hinatuan, Surigao Del Sur",2023-12-02 22:37:05,7.4,2023-12-03 15:42:52.284,4.6,"51 km ENE of Hinatuan, Philippines",8.4701,126.7892
"Hinatuan, Surigao Del Sur",2023-12-02 22:37:05,7.4,2023-12-03 16:27:40.346,4.5,"15 km E of Tidman, Philippines",8.324,126.4789
"Hinatuan, Surigao Del Sur",2023-12-02 22:37:05,7.4,2023-12-03 17:01:50.716,5.0,"44 km ENE of Hinatuan, Philippines",8.531,126.7048
"Hinatuan, Surigao Del Sur",2023-12-02 22:37:05,7.4,2023-12-03 17:09:15.343,4.6,"58 km ENE of Hinatuan, Philippines",8.4856,126.8515
"Hinatuan, Surigao Del Sur",2023-12-02 22:37:05,7.4,2023-12-03 17:23:43.869,4.3,"56 km E of Aras-asan, Philippines",8.793,126.8114
"Hinatuan, Surigao Del Sur",2023-12-02 22:37:05,7.4,2023-12-03 17:24:09.398,4.6,"42 km E of Aras-asan, Philippines",8.8159,126.6932
"Hinatuan, Surigao Del Sur",2023-12-02 22:37:05,7.4,2023-12-03 17:38:10.692,4.2,"58 km ENE of Hinatuan, Philippines",8.5214,126.8431
"Hinatuan, Surigao Del Sur",2023-12-02 22:37:05,7.4,2023-12-03 18:06:52.447,4.5,"74 km ENE of Hinatuan, Philippines",8.6138,126.9669
"Hinatuan, Surigao Del Sur",2023-12-02 22:37:05,7.4,2023-12-03 18:07:58.873,4.8,"38 km ENE of Hinatuan, Philippines",8.4958,126.6581
"Hinatuan, Surigao Del Sur",2023-12-02 22:37:05,7.4,2023-12-03 18:11:20.290,5.1,"24 km E of Aras-asan, Philippines",8.8674,126.5348
"Hinatuan, Surigao Del Sur",2023-12-02 22:37:05,7.4,2023-12-03 18:29:44.806,4.8,"49 km ENE of Hinatuan, Philippines",8.5013,126.769
"Hinatuan, Surigao Del Sur",2023-12-02 22:37:05,7.4,2023-12-03 18:47:53.781,4.5,"45 km NE of Barcelona, Philippines",8.3947,126.7763
"Hinatuan, Surigao Del Sur",2023-12-02 22:37:05,7.4,2023-12-03 19:03:14.535,4.7,"36 km NE of Hinatuan, Philippines",8.5798,126.586
"Hinatuan, Surigao Del Sur",2023-12-02 22:37:05,7.4,2023-12-03 19:14:54.619,4.8,"28 km E of Aras-asan, Philippines",8.8544,126.5721
"Hinatuan, Surigao Del Sur",2023-12-02 22:37:05,7.4,2023-12-03 19:37:24.507,4.0,"57 km ENE of Hinatuan, Philippines",8.5869,126.8123
"Hinatuan, Surigao Del Sur",2023-12-02 22:37:05,7.4,2023-12-03 20:03:12.970,4.8,"40 km ENE of Hinatuan, Philippines",8.5581,126.6507
"Hinatuan, Surigao Del Sur",2023-12-02 22:37:05,7.4,2023-12-03 20:10:19.177,4.9,"38 km E of Aras-asan, Philippines",8.8346,126.6593
"Hinatuan, Surigao Del Sur",2023-12-02 22:37:05,7.4,2023-12-03 20:15:08.961,4.4,"18 km ESE of Marihatag, Philippines",8.7108,126.4404
"Hinatuan, Surigao Del Sur",2023-12-02 22:37:05,7.4,2023-12-03 21:06:36.173,4.5,"49 km NE of Barcelona, Philippines",8.4456,126.7759
"Hinatuan, Surigao Del Sur",2023-12-02 22:37:05,7.4,2023-12-03 21:08:17.245,4.7,"49 km E of Barcelona, Philippines",8.2405,126.8713
"Hinatuan, Surigao Del Sur",2023-12-02 22:37:05,7.4,2023-12-03 21:32:12.302,4.2,"62 km ENE of Hinatuan, Philippines",8.5603,126.8658
"Hinatuan, Surigao Del Sur",2023-12-02 22:37:05,7.4,2023-12-03 21:35:43.744,4.4,"52 km E of Barcelona, Philippines",8.2052,126.9057
"Hinatuan, Surigao Del Sur",2023-12-02 22:37:05,7.4,2023-12-03 21:43:38.401,5.4,"56 km E of Marihatag, Philippines",8.7398,126.8062
"Hinatuan, Surigao Del Sur",2023-12-02 22:37:05,7.4,2023-12-03 21:47:38.586,4.6,"26 km E of Aras-asan, Philippines",8.8699,126.5502
"Hinatuan, Surigao Del Sur",2023-12-02 22:37:05,7.4,2023-12-03 22:06:22.496,4.5,"53 km ESE of Marihatag, Philippines",8.662,126.7648
"Hinatuan, Surigao Del Sur",2023-12-02 22:37:05,7.4,2023-12-03 22:08:05.521,4.5,"13 km ESE of Marihatag, Philippines",8.7443,126.4046
"Hinatuan, Surigao Del Sur",2023-12-02 22:37:05,7.4,2023-12-03 22:12:37.953,4.4,"69 km ENE of Hinatuan, Philippines",8.5686,126.9342
"Hinatuan, Surigao Del Sur",2023-12-02 22:37:05,7.4,2023-12-03 22:20:32.282,4.8,"52 km ENE of Hinatuan, Philippines",8.5619,126.7744
"Hinatuan, Surigao Del Sur",2023-12-02 22:37:05,7.4,2023-12-03 22:30:04.554,4.5,"43 km E of Marihatag, Philippines",8.7493,126.6833
"Hinatuan, Surigao Del Sur",2023-12-02 22:37:05,7.4,2023-12-03 22:31:40.681,4.2,"22 km NE of Hinatuan, Philippines",8.5035,126.485
"Hinatuan, Surigao Del Sur",2023-12-02 22:37:05,7.4,2023-12-03 22:38:51.018,4.5,"76 km ESE of Marihatag, Philippines",8.6492,126.9694
"Hinatuan, Surigao Del Sur",2023-12-02 22:37:05,7.4,2023-12-03 22:42:17.814,5.1,"71 km E of Marihatag, Philippines",8.7045,126.9358
"Hinatuan, Surigao Del Sur",2023-12-02 22:37:05,7.4,2023-12-03 23:15:12.419,4.3,"19 km ENE of Barcelona, Philippines",8.2419,126.5865
"Hinatuan, Surigao Del Sur",2023-12-02 22:37:05,7.4,2023-12-03 23:16:16.451,4.6,"52 km ENE of Barcelona, Philippines",8.3619,126.8616
"Hinatuan, Surigao Del Sur",2023-12-02 22:37:05,7.4,2023-12-03 23:25:12.213,5.1,"44 km NE of Barcelona, Philippines",8.4018,126.758
"Hinatuan, Surigao Del Sur",2023-12-02 22:37:05,7.4,2023-12-03 23:57:48.381,4.4,"11 km E of Gamut, Philippines",8.5228,126.3419
"Hinatuan, Surigao Del Sur",2023-12-02 22:37:05,7.4,2023-12-04 00:36:08.606,4.4,"32 km ENE of Hinatuan, Philippines",8.4667,126.61
"Hinatuan, Surigao Del Sur",2023-12-02 22:37:05,7.4,2023-12-04 00:39:02.759,4.8,"39 km E of Barcelona, Philippines",8.1051,126.7847
"Hinatuan, Surigao Del Sur",2023-12-02 22:37:05,7.4,2023-12-04 00:55:23.811,4.3,"40 km E of Aras-asan, Philippines",8.8642,126.6775
"Hinatuan, Surigao Del Sur",2023-12-02 22:37:05,7.4,2023-12-04 01:00:36.739,4.5,"23 km E of Aras-asan, Philippines",8.8796,126.5209
"Hinatuan, Surigao Del Sur",2023-12-02 22:37:05,7.4,2023-12-04 01:06:40.143,4.5,"34 km ENE of Hinatuan, Philippines",8.5406,126.5985
"Hinatuan, Surigao Del Sur",2023-12-02 22:37:05,7.4,2023-12-04 01:07:50.505,5.5,"52 km NE of Barcelona, Philippines",8.4547,126.8072
"Hinatuan, Surigao Del Sur",2023-12-02 22:37:05,7.4,2023-12-04 01:17:35.890,4.4,"52 km ENE of Hinatuan, Philippines",8.5144,126.7897
"Hinatuan, Surigao Del Sur",2023-12-02 22:37:05,7.4,2023-12-04 01:51:09.184,4.2,"48 km ENE of Hinatuan, Philippines",8.5839,126.7206
"Hinatuan, Surigao Del Sur",2023-12-02 22:37:05,7.4,2023-12-04 02:11:04.909,5.0,"49 km ENE of Hinatuan, Philippines",8.4825,126.7738
"Hinatuan, Surigao Del Sur",2023-12-02 22:37:05,7.4,2023-12-04 02:11:57.805,4.8,"39 km ENE of Hinatuan, Philippines",8.5389,126.6466
"Hinatuan, Surigao Del Sur",2023-12-02 22:37:05,7.4,2023-12-04 02:19:50.365,4.4,"8 km SSE of Salvacion, Philippines",8.6371,126.2272
"Hinatuan, Surigao Del Sur",2023-12-02 22:37:05,7.4,2023-12-04 02:38:18.667,5.2,"54 km ENE of Hinatuan, Philippines",8.5649,126.7867
"Hinatuan, Surigao Del Sur",2023-12-02 22:37:05,7.4,2023-12-04 02:59:00.438,4.3,"37 km E of Hinatuan, Philippines",8.4247,126.6669
"Hinatuan, Surigao Del Sur",2023-12-02 22:37:05,7.4,2023-12-04 03:08:51.639,4.5,"56 km ESE of Marihatag, Philippines",8.6706,126.7952
"Hinatuan, Surigao Del Sur",2023-12-02 22:37:05,7.4,2023-12-04 03:49:14.221,4.5,"24 km ESE of Marihatag, Philippines",8.7488,126.5107
"Hinatuan, Surigao Del Sur",2023-12-02 22:37:05,7.4,2023-12-04 04:17:23.815,5.3,"49 km E of Aras-asan, Philippines",8.8321,126.7554
"Hinatuan, Surigao Del Sur",2023-12-02 22:37:05,7.4,2023-12-04 04:32:29.894,4.3,"31 km ESE of Marihatag, Philippines",8.6628,126.5432
"Hinatuan, Surigao Del Sur",2023-12-02 22:37:05,7.4,2023-12-04 04:43:49.261,5.1,"56 km ENE of Barcelona, Philippines",8.3955,126.8925
"Hinatuan, Surigao Del Sur",2023-12-02 22:37:05,7.4,2023-12-04 04:59:01.651,5.3,"39 km E of Aras-asan, Philippines",8.879,126.666
"Hinatuan, Surigao Del Sur",2023-12-02 22:37:05,7.4,2023-12-04 05:03:41.324,4.8,"13 km NE of Hinatuan, Philippines",8.4492,126.4344
"Hinatuan, Surigao Del Sur",2023-12-02 22:37:05,7.4,2023-12-04 05:08:36.001,5.7,"37 km E of Aras-asan, Philippines",8.8354,126.6446
"Hinatuan, Surigao Del Sur",2023-12-02 22:37:05,7.4,2023-12-04 05:14:55.893,4.4,"21 km SE of Marihatag, Philippines",8.6682,126.4292
"Hinatuan, Surigao Del Sur",2023-12-02 22:37:05,7.4,2023-12-04 05:15:43.916,5.3,"42 km ENE of Barcelona, Philippines",8.3448,126.7748
"Hinatuan, Surigao Del Sur",2023-12-02 22:37:05,7.4,2023-12-04 05:45:11.007,4.6,"37 km ENE of Barcelona, Philippines",8.3339,126.7259
"Hinatuan, Surigao Del Sur",2023-12-02 22:37:05,7.4,2023-12-04 05:51:38.185,4.3,"48 km ESE of Marihatag, Philippines",8.6484,126.7103
"Hinatuan, Surigao Del Sur",2023-12-02 22:37:05,7.4,2023-12-04 06:08:29.488,5.0,"48 km ENE of Hinatuan, Philippines",8.4944,126.7589
"Hinatuan, Surigao Del Sur",2023-12-02 22:37:05,7.4,2023-12-04 06:43:48.172,4.6,"26 km E of Marihatag, Philippines",8.7921,126.5415
"Hinatuan, Surigao Del Sur",2023-12-02 22:37:05,7.4,2023-12-04 06:59:02.261,4.4,"55 km ENE of Hinatuan, Philippines",8.544,126.812
"Hinatuan, Surigao Del Sur",2023-12-02 22:37:05,7.4,2023-12-04 07:10:08.017,4.2,"55 km ENE of Hinatuan, Philippines",8.6243,126.7681
"Hinatuan, Surigao Del Sur",2023-12-02 22:37:05,7.4,2023-12-04 07:11:08.522,4.4,"9 km NNE of Hinatuan, Philippines",8.4451,126.376
"Hinatuan, Surigao Del Sur",2023-12-02 22:37:05,7.4,2023-12-04 07:23:58.178,4.2,"22 km ENE of Tidman, Philippines",8.3413,126.5352
"Hinatuan, Surigao Del Sur",2023-12-02 22:37:05,7.4,2023-12-04 07:33:34.455,4.2,"66 km ENE of Barcelona, Philippines",8.4113,126.9788
"Hinatuan, Surigao Del Sur",2023-12-02 22:37:05,7.4,2023-12-04 07:44:55.483,4.2,"17 km SE of Marihatag, Philippines",8.679,126.3906
"Hinatuan, Surigao Del Sur",2023-12-02 22:37:05,7.4,2023-12-04 07:47:55.927,4.4,"60 km E of Aras-asan, Philippines",8.7874,126.8538
"Hinatuan, Surigao Del Sur",2023-12-02 22:37:05,7.4,2023-12-04 08:12:25.614,4.3,"52 km NE of Barcelona, Philippines",8.4308,126.8279
"Hinatuan, Surigao Del Sur",2023-12-02 22:37:05,7.4,2023-12-04 09:10:37.888,4.1,"16 km ESE of Barcelona, Philippines",8.0992,126.5693
"Hinatuan, Surigao Del Sur",2023-12-02 22:37:05,7.4,2023-12-04 09:29:41.149,4.9,"47 km ENE of Hinatuan, Philippines",8.5281,126.738
"Hinatuan, Surigao Del Sur",2023-12-02 22:37:05,7.4,2023-12-04 09:55:30.676,4.1,"32 km E of Hinatuan, Philippines",8.4163,126.6217
"Hinatuan, Surigao Del Sur",2023-12-02 22:37:05,7.4,2023-12-04 10:06:03.859,4.3,"24 km NE of Barcelona, Philippines",8.2898,126.6128
"Hinatuan, Surigao Del Sur",2023-12-02 22:37:05,7.4,2023-12-04 10:12:30.648,4.5,"26 km E of Hinatuan, Philippines",8.3734,126.5764
"Hinatuan, Surigao Del Sur",2023-12-02 22:37:05,7.4,2023-12-04 10:37:56.227,4.4,"48 km ENE of Barcelona, Philippines",8.3084,126.848
"Hinatuan, Surigao Del Sur",2023-12-02 22:37:05,7.4,2023-12-04 10:48:43.949,4.4,"56 km ENE of Hinatuan, Philippines",8.5486,126.8142
"Hinatuan, Surigao Del Sur",2023-12-02 22:37:05,7.4,2023-12-04 11:31:30.863,4.4,"17 km ENE of Barcelona, Philippines",8.2428,126.5714
"Hinatuan, Surigao Del Sur",2023-12-02 22:37:05,7.4,2023-12-04 13:20:08.149,4.3,"62 km ENE of Barcelona, Philippines",8.4181,126.9414
"Hinatuan, Surigao Del Sur",2023-12-02 22:37:05,7.4,2023-12-04 15:38:36.198,4.4,"30 km ENE of Hinatuan, Philippines",8.4337,126.6059
"Hinatuan, Surigao Del Sur",2023-12-02 22:37:05,7.4,2023-12-04 15:44:59.627,4.5,"19 km E of Gamut, Philippines",8.5314,126.4196
"Hinatuan, Surigao Del Sur",2023-12-02 22:37:05,7.4,2023-12-04 16:23:46.001,4.7,"56 km ENE of Hinatuan, Philippines",8.5476,126.8152
"Hinatuan, Surigao Del Sur",2023-12-02 22:37:05,7.4,2023-12-04 17:07:03.477,4.3,"10 km NNE of Hinatuan, Philippines",8.4556,126.3718
"Hinatuan, Surigao Del Sur",2023-12-02 22:37:05,7.4,2023-12-04 19:05:55.402,4.1,"53 km E of Barcelona, Philippines",8.1512,126.919
"Hinatuan, Surigao Del Sur",2023-12-02 22:37:05,7.4,2023-12-04 19:57:39.486,4.4,"48 km NE of Barcelona, Philippines",8.4035,126.7949
"Hinatuan, Surigao Del Sur",2023-12-02 22:37:05,7.4,2023-12-04 21:23:33.089,4.3,"55 km E of Barcelona, Philippines",8.1699,126.9399
"Hinatuan, Surigao Del Sur",2023-12-02 22:37:05,7.4,2023-12-04 21:53:29.159,4.4,"43 km E of Aras-asan, Philippines",8.8535,126.7038
"Hinatuan, Surigao Del Sur",2023-12-02 22:37:05,7.4,2023-12-04 23:05:29.938,4.6,"55 km ENE of Barcelona, Philippines",8.258,126.9238
"Hinatuan, Surigao Del Sur",2023-12-02 22:37:05,7.4,2023-12-04 23:39:36.413,4.4,"44 km E of Barcelona, Philippines",8.2188,126.8343
"Hinatuan, Surigao Del Sur",2023-12-02 22:37:05,7.4,2023-12-05 00:12:12.287,4.3,"58 km NE of Barcelona, Philippines",8.4604,126.8751
"Hinatuan, Surigao Del Sur",2023-12-02 22:37:05,7.4,2023-12-05 00:49:16.087,4.4,"66 km ENE of Hinatuan, Philippines",8.5905,126.8958
"Hinatuan, Surigao Del Sur",2023-12-02 22:37:05,7.4,2023-12-05 00:58:32.744,5.1,"50 km ESE of Marihatag, Philippines",8.7119,126.7423
"Hinatuan, Surigao Del Sur",2023-12-02 22:37:05,7.4,2023-12-05 01:01:11.523,4.9,"42 km ESE of Marihatag, Philippines",8.707,126.6713
"Hinatuan, Surigao Del Sur",2023-12-02 22:37:05,7.4,2023-12-05 01:24:54.240,4.3,"20 km E of Hinatuan, Philippines",8.3678,126.5158
"Hinatuan, Surigao Del Sur",2023-12-02 22:37:05,7.4,2023-12-05 02:02:46.561,4.4,"56 km NE of Barcelona, Philippines",8.4691,126.8397
"Hinatuan, Surigao Del Sur",2023-12-02 22:37:05,7.4,2023-12-05 02:44:24.359,4.9,"58 km ENE of Barcelona, Philippines",8.3385,126.9347
"Hinatuan, Surigao Del Sur",2023-12-02 22:37:05,7.4,2023-12-05 03:39:58.980,4.8,"47 km ESE of Marihatag, Philippines",8.6563,126.702
"Hinatuan, Surigao Del Sur",2023-12-02 22:37:05,7.4,2023-12-05 03:57:15.902,4.3,"7 km WNW of Bigaan, Philippines",8.3427,126.2225
"Hinatuan, Surigao Del Sur",2023-12-02 22:37:05,7.4,2023-12-05 04:27:36.054,4.8,"45 km ESE of Marihatag, Philippines",8.6856,126.6875
"Hinatuan, Surigao Del Sur",2023-12-02 22:37:05,7.4,2023-12-05 05:27:13.681,5.1,"65 km ENE of Barcelona, Philippines",8.4351,126.9638
"Hinatuan, Surigao Del Sur",2023-12-02 22:37:05,7.4,2023-12-05 07:06:13.455,4.5,"55 km NE of Barcelona, Philippines",8.4541,126.8441
"Hinatuan, Surigao Del Sur",2023-12-02 22:37:05,7.4,2023-12-05 08:13:18.209,4.5,"37 km ENE of Barcelona, Philippines",8.3392,126.7188
"Hinatuan, Surigao Del Sur",2023-12-02 22:37:05,7.4,2023-12-05 09:56:01.380,4.6,"39 km ENE of Hinatuan, Philippines",8.4659,126.6819
"Hinatuan, Surigao Del Sur",2023-12-02 22:37:05,7.4,2023-12-05 10:48:07.755,4.5,"71 km ENE of Hinatuan, Philippines",8.6345,126.931
"Hinatuan, Surigao Del Sur",2023-12-02 22:37:05,7.4,2023-12-05 11:33:00.648,4.8,"12 km E of Hinatuan, Philippines",8.3724,126.4497
"Hinatuan, Surigao Del Sur",2023-12-02 22:37:05,7.4,2023-12-05 12:33:59.292,4.6,"29 km E of Marihatag, Philippines",8.7637,126.5614
"Hinatuan, Surigao Del Sur",2023-12-02 22:37:05,7.4,2023-12-05 12:42:36.570,5.0,"38 km ENE of Hinatuan, Philippines",8.4519,126.6751
"Hinatuan, Surigao Del Sur",2023-12-02 22:37:05,7.4,2023-12-05 12:45:07.341,4.7,"7 km N of Hinatuan, Philippines",8.4366,126.3407
"Hinatuan, Surigao Del Sur",2023-12-02 22:37:05,7.4,2023-12-05 13:32:26.546,4.5,"44 km E of Marihatag, Philippines",8.7596,126.6992
"Hinatuan, Surigao Del Sur",2023-12-02 22:37:05,7.4,2023-12-05 14:57:48.753,4.0,"63 km ENE of Barcelona, Philippines",8.4116,126.9541
"Hinatuan, Surigao Del Sur",2023-12-02 22:37:05,7.4,2023-12-05 16:29:55.543,4.4,"67 km ENE of Barcelona, Philippines",8.3494,127.0163
"Hinatuan, Surigao Del Sur",2023-12-02 22:37:05,7.4,2023-12-05 19:44:51.596,4.4,"27 km ENE of Gamut, Philippines",8.608,126.4778
"Hinatuan, Surigao Del Sur",2023-12-02 22:37:05,7.4,2023-12-05 20:23:28.205,4.5,"13 km E of Loyola, Philippines",8.3338,126.4518
"Hinatuan, Surigao Del Sur",2023-12-02 22:37:05,7.4,2023-12-05 20:29:38.408,4.5,"37 km ESE of Aras-asan, Philippines",8.8148,126.6416
"Hinatuan, Surigao Del Sur",2023-12-02 22:37:05,7.4,2023-12-05 21:52:13.304,4.6,"40 km ENE of Hinatuan, Philippines",8.5437,126.6603
"Hinatuan, Surigao Del Sur",2023-12-02 22:37:05,7.4,2023-12-05 23:18:49.786,4.4,"64 km ENE of Barcelona, Philippines",8.3308,126.9982
"Hinatuan, Surigao Del Sur",2023-12-02 22:37:05,7.4,2023-12-05 23:34:25.426,4.6,"37 km ESE of Marihatag, Philippines",8.6166,126.5826
"Hinatuan, Surigao Del Sur",2023-12-02 22:37:05,7.4,2023-12-05 23:39:56.401,4.7,"31 km ESE of Marihatag, Philippines",8.6686,126.5522
"Hinatuan, Surigao Del Sur",2023-12-02 22:37:05,7.4,2023-12-06 01:22:48.092,4.1,"49 km NE of Barcelona, Philippines",8.4338,126.7907
"Hinatuan, Surigao Del Sur",2023-12-02 22:37:05,7.4,2023-12-06 01:55:58.955,5.3,"26 km ENE of Gamut, Philippines",8.6155,126.4644
"Hinatuan, Surigao Del Sur",2023-12-02 22:37:05,7.4,2023-12-06 05:34:10.446,4.2,"53 km ENE of Barcelona, Philippines",8.3768,126.8645
"Hinatuan, Surigao Del Sur",2023-12-02 22:37:05,7.4,2023-12-06 08:32:17.021,4.3,"68 km ENE of Barcelona, Philippines",8.4339,126.9909
"Hinatuan, Surigao Del Sur",2023-12-02 22:37:05,7.4,2023-12-06 08:33:04.427,4.9,"30 km ESE of Aras-asan, Philippines",8.8178,126.5838
"Hinatuan, Surigao Del Sur",2023-12-02 22:37:05,7.4,2023-12-06 09:34:55.226,4.5,"18 km ESE of Aras-asan, Philippines",8.8279,126.4699
"Hinatuan, Surigao Del Sur",2023-12-02 22:37:05,7.4,2023-12-06 10:33:26.051,4.3,"68 km ENE of Barcelona, Philippines",8.4435,126.9835
"Hinatuan, Surigao Del Sur",2023-12-02 22:37:05,7.4,2023-12-06 10:41:23.010,5.1,"38 km ESE of Marihatag, Philippines",8.6273,126.6017
"Hinatuan, Surigao Del Sur",2023-12-02 22:37:05,7.4,2023-12-06 11:42:50.241,4.6,"56 km NE of Barcelona, Philippines",8.462,126.8433
"Hinatuan, Surigao Del Sur",2023-12-02 22:37:05,7.4,2023-12-06 14:52:37.348,4.9,"48 km ENE of Hinatuan, Philippines",8.4874,126.7553
"Hinatuan, Surigao Del Sur",2023-12-02 22:37:05,7.4,2023-12-06 15:33:14.413,4.5,"39 km E of Hinatuan, Philippines",8.4127,126.6908
"Hinatuan, Surigao Del Sur",2023-12-02 22:37:05,7.4,2023-12-06 17:25:46.324,4.5,"41 km ESE of Aras-asan, Philippines",8.8083,126.6822
"Hinatuan, Surigao Del Sur",2023-12-02 22:37:05,7.4,2023-12-06 19:14:45.547,4.7,"65 km ENE of Hinatuan, Philippines",8.6108,126.8801
"Hinatuan, Surigao Del Sur",2023-12-02 22:37:05,7.4,2023-12-06 23:07:25.852,4.2,"30 km E of Hinatuan, Philippines",8.3855,126.6075
"Hinatuan, Surigao Del Sur",2023-12-02 22:37:05,7.4,2023-12-06 23:33:46.088,4.9,"35 km E of Hinatuan, Philippines",8.4094,126.6536
"Hinatuan, Surigao Del Sur",2023-12-02 22:37:05,7.4,2023-12-07 01:53:23.099,4.4,"30 km E of Hinatuan, Philippines",8.399,126.6128
"Hinatuan, Surigao Del Sur",2023-12-02 22:37:05,7.4,2023-12-07 02:53:44.813,4.5,"70 km NE of Barcelona, Philippines",8.5138,126.9651
"Hinatuan, Surigao Del Sur",2023-12-02 22:37:05,7.4,2023-12-07 04:45:46.856,5.1,"45 km ESE of Marihatag, Philippines",8.7042,126.6965
"Hinatuan, Surigao Del Sur",2023-12-02 22:37:05,7.4,2023-12-07 06:38:49.459,5.2,"52 km E of Aras-asan, Philippines",8.8293,126.7893
"Hinatuan, Surigao Del Sur",2023-12-02 22:37:05,7.4,2023-12-07 07:28:53.564,4.4,"62 km ENE of Hinatuan, Philippines",8.6191,126.8486
"Hinatuan, Surigao Del Sur",2023-12-02 22:37:05,7.4,2023-12-07 14:11:37.273,4.6,"27 km ENE of Hinatuan, Philippines",8.4433,126.5756
"Hinatuan, Surigao Del Sur",2023-12-02 22:37:05,7.4,2023-12-07 15:08:37.998,4.9,"48 km ENE of Hinatuan, Philippines",8.507,126.7505
"Hinatuan, Surigao Del Sur",2023-12-02 22:37:05,7.4,2023-12-07 16:38:48.801,4.2,"15 km E of Hinatuan, Philippines",8.373,126.471
"Hinatuan, Surigao Del Sur",2023-12-02 22:37:05,7.4,2023-12-07 19:27:23.614,4.5,"61 km E of Marihatag, Philippines",8.744,126.8486
"Hinatuan, Surigao Del Sur",2023-12-02 22:37:05,7.4,2023-12-07 22:12:04.468,4.3,"44 km ESE of Aras-asan, Philippines",8.8044,126.7075
"Hinatuan, Surigao Del Sur",2023-12-02 22:37:05,7.4,2023-12-08 05:29:14.784,4.4,"70 km ENE of Barcelona, Philippines",8.4747,126.9889
"Hinatuan, Surigao Del Sur",2023-12-02 22:37:05,7.4,2023-12-08 05:47:05.730,4.5,"28 km SE of Marihatag, Philippines",8.6382,126.4906
"Hinatuan, Surigao Del Sur",2023-12-02 22:37:05,7.4,2023-12-08 09:26:53.243,4.4,"58 km ENE of Hinatuan, Philippines",8.5821,126.8213
"Hinatuan, Surigao Del Sur",2023-12-02 22:37:05,7.4,2023-12-08 10:32:39.480,5.2,"61 km E of Aras-asan, Philippines",8.7897,126.8612
"Hinatuan, Surigao Del Sur",2023-12-02 22:37:05,7.4,2023-12-08 16:09:47.231,4.6,"58 km E of Marihatag, Philippines",8.7513,126.8256
"Hinatuan, Surigao Del Sur",2023-12-02 22:37:05,7.4,2023-12-09 00:04:43.521,4.2,"76 km ESE of Marihatag, Philippines",8.6504,126.9781
"Hinatuan, Surigao Del Sur",2023-12-02 22:37:05,7.4,2023-12-09 06:27:45.009,4.2,"64 km ESE of Marihatag, Philippines",8.6364,126.8616
"Hinatuan, Surigao Del Sur",2023-12-02 22:37:05,7.4,2023-12-09 09:37:26.486,4.7,"27 km ENE of Hinatuan, Philippines",8.4403,126.5743
"Hinatuan, Surigao Del Sur",2023-12-02 22:37:05,7.4,2023-12-09 10:33:22.611,4.0,"32 km ENE of Barcelona, Philippines",8.2482,126.7122
"Hinatuan, Surigao Del Sur",2023-12-02 22:37:05,7.4,2023-12-09 23:59:01.264,4.6,"37 km E of Hinatuan, Philippines",8.4191,126.6676
"Hinatuan, Surigao Del Sur",2023-12-02 22:37:05,7.4,2023-12-10 05:15:51.310,4.1,"6 km NNE of Gamut, Philippines",8.5858,126.258
"Hinatuan, Surigao Del Sur",2023-12-02 22:37:05,7.4,2023-12-10 07:33:37.647,4.1,"4 km E of Salvacion, Philippines",8.7097,126.2525
"Hinatuan, Surigao Del Sur",2023-12-02 22:37:05,7.4,2023-12-10 12:44:58.096,4.4,"49 km E of Aras-asan, Philippines",8.8225,126.7525
"Hinatuan, Surigao Del Sur",2023-12-02 22:37:05,7.4,2023-12-10 17:48:50.571,4.4,"9 km ENE of Lingig, Philippines",8.0653,126.4982
"Hinatuan, Surigao Del Sur",2023-12-02 22:37:05,7.4,2023-12-11 10:55:39.135,4.7,"53 km ENE of Hinatuan, Philippines",8.5394,126.7894
"Hinatuan, Surigao Del Sur",2023-12-02 22:37:05,7.4,2023-12-11 21:48:03.871,4.6,"56 km ENE of Hinatuan, Philippines",8.5433,126.8214
"Hinatuan, Surigao Del Sur",2023-12-02 22:37:05,7.4,2023-12-11 22:01:24.720,4.5,"67 km ENE of Hinatuan, Philippines",8.5607,126.918
"Hinatuan, Surigao Del Sur",2023-12-02 22:37:05,7.4,2023-12-11 22:13:39.471,4.4,"52 km ENE of Hinatuan, Philippines",8.5702,126.7702
"Hinatuan, Surigao Del Sur",2023-12-02 22:37:05,7.4,2023-12-12 01:48:05.737,4.5,"37 km SE of Marihatag, Philippines",8.6145,126.5809
"Hinatuan, Surigao Del Sur",2023-12-02 22:37:05,7.4,2023-12-12 03:06:39.608,5.0,"54 km E of Aras-asan, Philippines",8.8298,126.803
"Hinatuan, Surigao Del Sur",2023-12-02 22:37:05,7.4,2023-12-12 03:11:15.185,4.9,"53 km ESE of Marihatag, Philippines",8.7099,126.769
"Hinatuan, Surigao Del Sur",2023-12-02 22:37:05,7.4,2023-12-12 08:17:52.360,4.8,"25 km E of Hinatuan, Philippines",8.4165,126.5584
"Hinatuan, Surigao Del Sur",2023-12-02 22:37:05,7.4,2023-12-12 13:58:24.440,5.1,"38 km NE of Hinatuan, Philippines",8.5843,126.6104
"Hinatuan, Surigao Del Sur",2023-12-02 22:37:05,7.4,2023-12-12 16:18:53.544,4.7,"61 km ENE of Barcelona, Philippines",8.4486,126.9093
"Hinatuan, Surigao Del Sur",2023-12-02 22:37:05,7.4,2023-12-12 17:49:47.725,4.6,"56 km ENE of Barcelona, Philippines",8.404,126.8793
"Hinatuan, Surigao Del Sur",2023-12-02 22:37:05,7.4,2023-12-12 18:10:28.267,4.4,"20 km ENE of Hinatuan, Philippines",8.4228,126.5154
"Hinatuan, Surigao Del Sur",2023-12-02 22:37:05,7.4,2023-12-12 18:44:13.669,4.3,"30 km ENE of Hinatuan, Philippines",8.4449,126.5995
"Hinatuan, Surigao Del Sur",2023-12-02 22:37:05,7.4,2023-12-12 20:09:20.643,4.3,"64 km NE of Barcelona, Philippines",8.4992,126.9133
"Hinatuan, Surigao Del Sur",2023-12-02 22:37:05,7.4,2023-12-12 21:42:52.369,4.6,"11 km NE of Gamut, Philippines",8.6012,126.3144
"Hinatuan, Surigao Del Sur",2023-12-02 22:37:05,7.4,2023-12-13 05:41:37.019,4.2,"61 km ENE of Hinatuan, Philippines",8.5888,126.8476
"Hinatuan, Surigao Del Sur",2023-12-02 22:37:05,7.4,2023-12-13 13:04:23.948,4.5,"14 km SE of Marihatag, Philippines",8.7002,126.3818
"Hinatuan, Surigao Del Sur",2023-12-02 22:37:05,7.4,2023-12-13 13:36:07.848,4.5,"44 km ENE of Hinatuan, Philippines",8.4829,126.7213
"Hinatuan, Surigao Del Sur",2023-12-02 22:37:05,7.4,2023-12-13 14:17:12.376,4.5,"77 km ENE of Hinatuan, Philippines",8.5659,127.0131
"Hinatuan, Surigao Del Sur",2023-12-02 22:37:05,7.4,2023-12-13 16:15:55.153,4.3,"25 km E of Hinatuan, Philippines",8.3574,126.5649
"Hinatuan, Surigao Del Sur",2023-12-02 22:37:05,7.4,2023-12-14 10:42:54.056,4.7,"43 km ENE of Barcelona, Philippines",8.288,126.8111
"Hinatuan, Surigao Del Sur",2023-12-02 22:37:05,7.4,2023-12-14 11:39:12.655,4.4,"40 km ENE of Barcelona, Philippines",8.3569,126.74
"Hinatuan, Surigao Del Sur",2023-12-02 22:37:05,7.4,2023-12-14 11:46:00.006,4.8,"45 km ENE of Barcelona, Philippines",8.3472,126.7989
"Hinatuan, Surigao Del Sur",2023-12-02 22:37:05,7.4,2023-12-14 11:54:00.342,4.7,"45 km ENE of Barcelona, Philippines",8.2634,126.8372
"Hinatuan, Surigao Del Sur",2023-12-02 22:37:05,7.4,2023-12-14 16:42:52.757,4.1,"65 km ENE of Hinatuan, Philippines",8.5399,126.9063
"Hinatuan, Surigao Del Sur",2023-12-02 22:37:05,7.4,2023-12-15 14:49:37.478,4.2,"29 km NE of Hinatuan, Philippines",8.5306,126.5542
"Hinatuan, Surigao Del Sur",2023-12-02 22:37:05,7.4,2023-12-15 20:29:34.527,4.2,"44 km ENE of Hinatuan, Philippines",8.5677,126.6865
"Hinatuan, Surigao Del Sur",2023-12-02 22:37:05,7.4,2023-12-15 21:32:14.046,4.6,"38 km E of Santa Maria, Philippines",8.0456,126.787
"Hinatuan, Surigao Del Sur",2023-12-02 22:37:05,7.4,2023-12-16 00:12:12.386,4.5,"60 km NE of Barcelona, Philippines",8.487,126.8695
"Hinatuan, Surigao Del Sur",2023-12-02 22:37:05,7.4,2023-12-16 05:36:09.404,4.2,"26 km E of Hinatuan, Philippines",8.3563,126.5701
"Hinatuan, Surigao Del Sur",2023-12-02 22:37:05,7.4,2023-12-16 06:56:39.084,4.3,"59 km ENE of Hinatuan, Philippines",8.5473,126.841
"Hinatuan, Surigao Del Sur",2023-12-02 22:37:05,7.4,2023-12-16 09:12:51.073,4.6,"20 km E of Hinatuan, Philippines",8.396,126.5152
"Hinatuan, Surigao Del Sur",2023-12-02 22:37:05,7.4,2023-12-16 09:38:33.711,4.3,"34 km E of Aras-asan, Philippines",8.8299,126.6189
"Hinatuan, Surigao Del Sur",2023-12-02 22:37:05,7.4,2023-12-16 23:43:23.520,4.5,"9 km NE of Hinatuan, Philippines",8.44,126.3825
"Hinatuan, Surigao Del Sur",2023-12-02 22:37:05,7.4,2023-12-17 08:18:57.525,4.4,"31 km E of Barcelona, Philippines",8.1747,126.7162
"Hinatuan, Surigao Del Sur",2023-12-02 22:37:05,7.4,2023-12-17 21:16:16.135,4.4,"55 km ENE of Barcelona, Philippines",8.3856,126.8845
"Hinatuan, Surigao Del Sur",2023-12-02 22:37:05,7.4,2023-12-18 16:28:01.843,4.4,"14 km SSE of Marihatag, Philippines",8.6814,126.3387
"Hinatuan, Surigao Del Sur",2023-12-02 22:37:05,7.4,2023-12-19 07:16:15.126,4.9,"10 km E of Tidman, Philippines",8.2814,126.4332
"Hinatuan, Surigao Del Sur",2023-12-02 22:37:05,7.4,2023-12-19 08:14:14.444,4.9,"42 km NE of Barcelona, Philippines",8.3958,126.7399
"Hinatuan, Surigao Del Sur",2023-12-02 22:37:05,7.4,2023-12-20 01:45:01.277,4.2,"78 km ENE of Hinatuan, Philippines",8.6381,126.9927
"Hinatuan, Surigao Del Sur",2023-12-02 22:37:05,7.4,2023-12-21 02:21:17.804,4.1,"11 km S of Bislig, Philippines",8.114,126.3279
"Hinatuan, Surigao Del Sur",2023-12-02 22:37:05,7.4,2023-12-22 11:01:52.091,4.2,"63 km NE of Barcelona, Philippines",8.4842,126.9097
"Hinatuan, Surigao Del Sur",2023-12-02 22:37:05,7.4,2023-12-22 11:31:50.835,4.4,"36 km SE of Marihatag, Philippines",8.6207,126.5681
"Hinatuan, Surigao Del Sur",2023-12-02 22:37:05,7.4,2023-12-22 19:07:09.958,4.5,"65 km ENE of Barcelona, Philippines",8.4298,126.9646
"Hinatuan, Surigao Del Sur",2023-12-02 22:37:05,7.4,2023-12-23 00:50:02.409,4.1,"6 km WNW of Unidad, Philippines",8.5673,126.1773
"Hinatuan, Surigao Del Sur",2023-12-02 22:37:05,7.4,2023-12-23 14:22:26.625,5.1,"34 km E of Barcelona, Philippines",8.1936,126.7418
"Hinatuan, Surigao Del Sur",2023-12-02 22:37:05,7.4,2023-12-24 02:02:51.931,4.6,"57 km ENE of Hinatuan, Philippines",8.5627,126.8172
"Hinatuan, Surigao Del Sur",2023-12-02 22:37:05,7.4,2023-12-24 02:28:06.868,4.6,"23 km ESE of Barcelona, Philippines",8.1184,126.6391
"Hinatuan, Surigao Del Sur",2023-12-02 22:37:05,7.4,2023-12-24 03:02:06.352,5.1,"27 km NE of Hinatuan, Philippines",8.5352,126.5233
"Hinatuan, Surigao Del Sur",2023-12-02 22:37:05,7.4,2023-12-24 08:51:57.825,4.7,"10 km NNE of Hinatuan, Philippines",8.4638,126.3708
"Hinatuan, Surigao Del Sur",2023-12-02 22:37:05,7.4,2023-12-25 14:45:38.593,4.5,"3 km NNW of Hinatuan, Philippines",8.4007,126.3155
"Hinatuan, Surigao Del Sur",2023-12-02 22:37:05,7.4,2023-12-26 03:42:51.774,4.1,"35 km NE of Hinatuan, Philippines",8.5556,126.5972
"Hinatuan, Surigao Del Sur",2023-12-02 22:37:05,7.4,2023-12-26 10:20:27.825,4.8,"65 km ENE of Barcelona, Philippines",8.4863,126.9279
"Hinatuan, Surigao Del Sur",2023-12-02 22:37:05,7.4,2023-12-28 15:48:33.019,5.0,"27 km NE of Hinatuan, Philippines",8.5588,126.4999
"Hinatuan, Surigao Del Sur",2023-12-02 22:37:05,7.4,2023-12-28 18:27:28.843,4.4,"4 km N of Bigaan, Philippines",8.3548,126.2781
"Hinatuan, Surigao Del Sur",2023-12-02 22:37:05,7.4,2023-12-31 00:53:05.180,4.2,"54 km ESE of Marihatag, Philippines",8.6464,126.7683
"Hinatuan, Surigao Del Sur",2023-12-02 22:37:05,7.4,2023-12-31 08:48:30.638,4.2,"38 km E of Marihatag, Philippines",8.7458,126.6424
"Hinatuan, Surigao Del Sur",2023-12-02 22:37:05,7.4,2024-01-03 01:11:31.461,5.0,"22 km E of Hinatuan, Philippines",8.3515,126.5376
"Hinatuan, Surigao Del Sur",2023-12-02 22:37:05,7.4,2024-01-04 07:32:22.215,4.7,"25 km E of Hinatuan, Philippines",8.3869,126.5607
"Hinatuan, Surigao Del Sur",2023-12-02 22:37:05,7.4,2024-01-08 13:30:57.048,4.4,"4 km N of Hinatuan, Philippines",8.4136,126.3334
"Hinatuan, Surigao Del Sur",2023-12-02 22:37:05,7.4,2024-01-12 09:47:59.241,4.7,"42 km NE of Barcelona, Philippines",8.4178,126.7185
"Hinatuan, Surigao Del Sur",2023-12-02 22:37:05,7.4,2024-01-12 18:04:40.497,4.6,"51 km ENE of Hinatuan, Philippines",8.5025,126.7873
"Hinatuan, Surigao Del Sur",2023-12-02 22:37:05,7.4,2024-01-15 11:31:25.572,4.8,"7 km NNE of Hinatuan, Philippines",8.4334,126.3668
"Hinatuan, Surigao Del Sur",2023-12-02 22:37:05,7.4,2024-01-17 12:32:01.191,5.6,"29 km NE of Hinatuan, Philippines",8.558,126.5225
"Hinatuan, Surigao Del Sur",2023-12-02 22:37:05,7.4,2024-01-18 07:42:08.934,4.4,"17 km ENE of Hinatuan, Philippines",8.4092,126.4898
"Hinatuan, Surigao Del Sur",2023-12-02 22:37:05,7.4,2024-01-19 22:11:03.632,4.4,"63 km ENE of Barcelona, Philippines",8.2971,126.9973
"Hinatuan, Surigao Del Sur",2023-12-02 22:37:05,7.4,2024-01-27 19:05:24.341,4.5,"52 km ENE of Barcelona, Philippines",8.4057,126.8384
"Hinatuan, Surigao Del Sur",2023-12-02 22:37:05,7.4,2024-01-27 22:42:55.461,4.1,"4 km SE of Gamut, Philippines",8.5022,126.2752
"Hinatuan, Surigao Del Sur",2023-12-02 22:37:05,7.4,2024-01-30 06:47:46.247,4.6,"50 km E of Aras-asan, Philippines",8.8001,126.7652
"Hinatuan, Surigao Del Sur",2023-12-02 22:37:05,7.4,2024-01-30 16:12:57.956,4.3,"47 km ENE of Barcelona, Philippines",8.3438,126.8234
"Hinatuan, Surigao Del Sur",2023-12-02 22:37:05,7.4,2024-02-01 21:35:39.226,5.1,"51 km E of Barcelona, Philippines",8.1667,126.9026
"Hinatuan, Surigao Del Sur",2023-12-02 22:37:05,7.4,2024-02-02 07:12:18.846,4.1,"16 km ESE of Barcelona, Philippines",8.1265,126.576
"Hinatuan, Surigao Del Sur",2023-12-02 22:37:05,7.4,2024-02-03 00:59:12.748,4.4,"7 km ENE of Lingig, Philippines",8.0581,126.4746
"Hinatuan, Surigao Del Sur",2023-12-02 22:37:05,7.4,2024-02-03 22:37:44.109,4.4,"24 km ESE of Marihatag, Philippines",8.717,126.5011
"Hinatuan, Surigao Del Sur",2023-12-02 22:37:05,7.4,2024-02-05 06:39:27.190,4.3,"2 km E of Salvacion, Philippines",8.7119,126.2322
"Hinatuan, Surigao Del Sur",2023-12-02 22:37:05,7.4,2024-02-07 02:52:47.034,4.6,"71 km ENE of Barcelona, Philippines",8.472,127.0065
"Hinatuan, Surigao Del Sur",2023-12-02 22:37:05,7.4,2024-02-07 02:57:04.102,5.0,"53 km ESE of Aras-asan, Philippines",8.7759,126.7802
"Hinatuan, Surigao Del Sur",2023-12-02 22:37:05,7.4,2024-02-10 06:20:05.247,4.3,"16 km NNE of Hinatuan, Philippines",8.5045,126.4014
"Hinatuan, Surigao Del Sur",2023-12-02 22:37:05,7.4,2024-02-13 09:00:13.305,4.9,"40 km NE of Hinatuan, Philippines",8.6127,126.6121
"Hinatuan, Surigao Del Sur",2023-12-02 22:37:05,7.4,2024-02-14 07:59:36.297,4.8,"21 km E of Hinatuan, Philippines",8.3934,126.5243
"Hinatuan, Surigao Del Sur",2023-12-02 22:37:05,7.4,2024-02-15 23:58:08.467,4.5,"11 km ESE of Marihatag, Philippines",8.7804,126.399
"Hinatuan, Surigao Del Sur",2023-12-02 22:37:05,7.4,2024-02-21 15:22:20.751,4.4,"23 km NE of Hinatuan, Philippines",8.5335,126.4698
"Hinatuan, Surigao Del Sur",2023-12-02 22:37:05,7.4,2024-02-24 10:19:32.411,4.3,"24 km NE of Barcelona, Philippines",8.3208,126.5814
"Hinatuan, Surigao Del Sur",2023-12-02 22:37:05,7.4,2024-02-26 07:52:50.525,4.4,"60 km NE of Barcelona, Philippines",8.4709,126.8878
"Hinatuan, Surigao Del Sur",2023-12-02 22:37:05,7.4,2024-02-27 08:00:33.792,4.4,"40 km E of Aras-asan, Philippines",8.8378,126.6748
"Hinatuan, Surigao Del Sur",2023-12-02 22:37:05,7.4,2024-02-28 08:49:54.851,4.1,"22 km ENE of Hinatuan, Philippines",8.4864,126.5074
"Hinatuan, Surigao Del Sur",2023-12-02 22:37:05,7.4,2024-02-29 00:23:58.202,5.4,"46 km E of Aras-asan, Philippines",8.8593,126.7364
"Hinatuan, Surigao Del Sur",2023-12-02 22:37:05,7.4,2024-02-29 17:25:02.762,4.8,"57 km E of Aras-asan, Philippines",8.8045,126.8252
"Hinatuan, Surigao Del Sur",2023-12-02 22:37:05,7.4,2024-03-01 06:47:40.869,4.4,"46 km ESE of Marihatag, Philippines",8.7206,126.7062
"Hinatuan, Surigao Del Sur",2023-12-02 22:37:05,7.4,2024-03-01 09:29:02.868,5.4,"47 km E of Aras-asan, Philippines",8.8616,126.74
"Hinatuan, Surigao Del Sur",2023-12-02 22:37:05,7.4,2024-03-03 18:51:08.452,4.5,"16 km SSE of Marihatag, Philippines",8.667,126.362
"Hinatuan, Surigao Del Sur",2023-12-02 22:37:05,7.4,2024-03-06 09:19:14.302,4.4,"60 km E of Aras-asan, Philippines",8.7924,126.8512
"Hinatuan, Surigao Del Sur",2023-12-02 22:37:05,7.4,2024-03-06 16:54:45.879,4.4,"68 km ESE of Marihatag, Philippines",8.6433,126.9002
"Hinatuan, Surigao Del Sur",2023-12-02 22:37:05,7.4,2024-03-06 20:08:10.178,4.8,"11 km ESE of Salvacion, Philippines",8.6784,126.3063